,enfermedades,media
0,cold,0.19050643118148572
1,flu,0.24494581607795407
2,pneumonia,0.22142958587088915
3,coronavirus,1.8625221619975652
